Matriz,TP,NP,Marcos,Politica,NR,Fallas,Exitos,TasaFallas
8x8,64,4,4,FIFO,1920,2,1918,0.0010416666666666667
8x8,64,4,4,FIFOModified,1920,2,1918,0.0010416666666666667
8x8,64,4,4,LRU,1920,2,1918,0.0010416666666666667
8x8,64,4,8,FIFO,1920,2,1918,0.0010416666666666667
8x8,64,4,8,FIFOModified,1920,2,1918,0.0010416666666666667
8x8,64,4,8,LRU,1920,2,1918,0.0010416666666666667
8x8,64,4,16,FIFO,1920,2,1918,0.0010416666666666667
8x8,64,4,16,FIFOModified,1920,2,1918,0.0010416666666666667
8x8,64,4,16,LRU,1920,2,1918,0.0010416666666666667
8x8,256,1,4,FIFO,1920,1,1919,5.208333333333333E-4
8x8,256,1,4,FIFOModified,1920,1,1919,5.208333333333333E-4
8x8,256,1,4,LRU,1920,1,1919,5.208333333333333E-4
8x8,256,1,8,FIFO,1920,1,1919,5.208333333333333E-4
8x8,256,1,8,FIFOModified,1920,1,1919,5.208333333333333E-4
8x8,256,1,8,LRU,1920,1,1919,5.208333333333333E-4
8x8,256,1,16,FIFO,1920,1,1919,5.208333333333333E-4
8x8,256,1,16,FIFOModified,1920,1,1919,5.208333333333333E-4
8x8,256,1,16,LRU,1920,1,1919,5.208333333333333E-4
8x8,1024,1,4,FIFO,1920,1,1919,5.208333333333333E-4
8x8,1024,1,4,FIFOModified,1920,1,1919,5.208333333333333E-4
8x8,1024,1,4,LRU,1920,1,1919,5.208333333333333E-4
8x8,1024,1,8,FIFO,1920,1,1919,5.208333333333333E-4
8x8,1024,1,8,FIFOModified,1920,1,1919,5.208333333333333E-4
8x8,1024,1,8,LRU,1920,1,1919,5.208333333333333E-4
8x8,1024,1,16,FIFO,1920,1,1919,5.208333333333333E-4
8x8,1024,1,16,FIFOModified,1920,1,1919,5.208333333333333E-4
8x8,1024,1,16,LRU,1920,1,1919,5.208333333333333E-4
16x16,64,7,4,FIFO,7680,425,7255,0.055338541666666664
16x16,64,7,4,FIFOModified,7680,341,7339,0.04440104166666667
16x16,64,7,4,LRU,7680,341,7339,0.04440104166666667
16x16,64,7,8,FIFO,7680,5,7675,6.510416666666666E-4
16x16,64,7,8,FIFOModified,7680,5,7675,6.510416666666666E-4
16x16,64,7,8,LRU,7680,5,7675,6.510416666666666E-4
16x16,64,7,16,FIFO,7680,5,7675,6.510416666666666E-4
16x16,64,7,16,FIFOModified,7680,5,7675,6.510416666666666E-4
16x16,64,7,16,LRU,7680,5,7675,6.510416666666666E-4
16x16,256,2,4,FIFO,7680,2,7678,2.6041666666666666E-4
16x16,256,2,4,FIFOModified,7680,2,7678,2.6041666666666666E-4
16x16,256,2,4,LRU,7680,2,7678,2.6041666666666666E-4
16x16,256,2,8,FIFO,7680,2,7678,2.6041666666666666E-4
16x16,256,2,8,FIFOModified,7680,2,7678,2.6041666666666666E-4
16x16,256,2,8,LRU,7680,2,7678,2.6041666666666666E-4
16x16,256,2,16,FIFO,7680,2,7678,2.6041666666666666E-4
16x16,256,2,16,FIFOModified,7680,2,7678,2.6041666666666666E-4
16x16,256,2,16,LRU,7680,2,7678,2.6041666666666666E-4
16x16,1024,1,4,FIFO,7680,1,7679,1.3020833333333333E-4
16x16,1024,1,4,FIFOModified,7680,1,7679,1.3020833333333333E-4
16x16,1024,1,4,LRU,7680,1,7679,1.3020833333333333E-4
16x16,1024,1,8,FIFO,7680,1,7679,1.3020833333333333E-4
16x16,1024,1,8,FIFOModified,7680,1,7679,1.3020833333333333E-4
16x16,1024,1,8,LRU,7680,1,7679,1.3020833333333333E-4
16x16,1024,1,16,FIFO,7680,1,7679,1.3020833333333333E-4
16x16,1024,1,16,FIFOModified,7680,1,7679,1.3020833333333333E-4
16x16,1024,1,16,LRU,7680,1,7679,1.3020833333333333E-4
128x128,64,259,4,FIFO,491520,104320,387200,0.21223958333333334
128x128,64,259,4,FIFOModified,491520,85760,405760,0.17447916666666666
128x128,64,259,4,LRU,491520,85760,405760,0.17447916666666666
128x128,64,259,8,FIFO,491520,93760,397760,0.19075520833333334
128x128,64,259,8,FIFOModified,491520,84481,407039,0.17187703450520833
128x128,64,259,8,LRU,491520,84481,407039,0.17187703450520833
128x128,64,259,16,FIFO,491520,88480,403040,0.18001302083333334
128x128,64,259,16,FIFOModified,491520,84481,407039,0.17187703450520833
128x128,64,259,16,LRU,491520,84481,407039,0.17187703450520833
128x128,256,65,4,FIFO,491520,51600,439920,0.10498046875
128x128,256,65,4,FIFOModified,491520,41281,450239,0.08398640950520833
128x128,256,65,4,LRU,491520,41281,450239,0.08398640950520833
128x128,256,65,8,FIFO,491520,46440,445080,0.094482421875
128x128,256,65,8,FIFOModified,491520,41281,450239,0.08398640950520833
128x128,256,65,8,LRU,491520,41281,450239,0.08398640950520833
128x128,256,65,16,FIFO,491520,43860,447660,0.0892333984375
128x128,256,65,16,FIFOModified,491520,41281,450239,0.08398640950520833
128x128,256,65,16,LRU,491520,41281,450239,0.08398640950520833
128x128,1024,17,4,FIFO,491520,12900,478620,0.0262451171875
128x128,1024,17,4,FIFOModified,491520,10321,481199,0.020998128255208335
128x128,1024,17,4,LRU,491520,10321,481199,0.020998128255208335
128x128,1024,17,8,FIFO,491520,11610,479910,0.02362060546875
128x128,1024,17,8,FIFOModified,491520,10321,481199,0.020998128255208335
128x128,1024,17,8,LRU,491520,10321,481199,0.020998128255208335
128x128,1024,17,16,FIFO,491520,10965,480555,0.022308349609375
128x128,1024,17,16,FIFOModified,491520,10321,481199,0.020998128255208335
128x128,1024,17,16,LRU,491520,10321,481199,0.020998128255208335
